Date,Client_Future Index Long,Client_Future Index Short,Client_Option Index Call Long,Client_Option Index Put Long,Client_Option Index Call Short,Client_Option Index Put Short,DII_Future Index Long,DII_Future Index Short,DII_Option Index Call Long,DII_Option Index Put Long,DII_Option Index Call Short,DII_Option Index Put Short,FII_Future Index Long,FII_Future Index Short,FII_Option Index Call Long,FII_Option Index Put Long,FII_Option Index Call Short,FII_Option Index Put Short,Total Call Options - Open Interest BANK NIFTY INDEX,Total Put Options - Open Interest BANK NIFTY INDEX,Total Futures - Open Interest BANK NIFTY INDEX,Price - BANK NIFTY INDEX,Returns - BANK NIFTY INDEX,NSE VIX - India,is_expiry,Total_OI
2/3/2025,244573,98840,2741422,2150769,2529125,2226935,68365,49328,1920,31690,0,0,24408,208525,685051,628750,870383,640782,3796408,2972793,154400,49165.95,0.006102058,18.64,0,17061144
2/4/2025,222854,88359,2358751,2771409,2301149,2634415,68219,59314,1920,31677,0,0,38700,192104,697341,687826,785944,735818,3355101,3125864,159769,49311.95,0.002965134,17.39,0,17428210
2/5/2025,221739,88790,2869028,2820133,2689900,2685066,68115,59314,1920,31677,0,0,42167,191515,768846,749243,909107,852227,585345,498229,112124,49587.2,0.005566291,16.2475,0,19312524
2/6/2025,227763,87919,1517474,1394307,1564873,1618212,68084,59364,70,21614,0,0,38444,194579,524891,542163,508875,389933,690579,544644,116181,49506.95,-0.001619672,14.095,0,11636566
2/7/2025,226215,87421,2106339,1614047,2194692,1891898,68477,57794,70,16219,0,0,38229,200697,561804,598457,524497,426563,772700,608662,114277,49210.55,-0.006005032,14.3525,0,14063538
2/10/2025,236141,90960,2592148,1758575,2679242,2097821,67838,56124,70,14619,0,0,36690,210176,586643,643738,537302,448660,765748,697935,102263,50157.95,0.019068995,14.0175,0,16027576
2/11/2025,247832,101371,3129276,1824215,3132280,2173601,68319,52564,70,14247,0,0,36747,221195,637865,692555,586643,479464,804385,737546,101378,50343.05,0.00368355,14.0825,0,17751964
2/12/2025,246805,102907,3270916,2184107,3209342,2443651,76172,49949,70,14984,0,0,40458,227279,656495,673625,618351,475534,841760,778679,101016,50382.1,0.000775377,14.175,0,18653752
2/13/2025,244028,104464,1990433,1435712,2003181,1760017,75908,49949,70,14984,0,0,42684,226273,480817,554308,431133,336740,932893,790059,104119,50158.85,-0.004440984,13.685,0,13009956
2/14/2025,249010,106408,2647115,1649498,2713633,2055260,75443,53069,70,14984,0,0,43202,232541,566240,640303,512163,378651,973416,801894,108792,49981,-0.003552036,14.445,0,15892340
2/17/2025,248720,107978,2697977,2037938,2824371,2384336,74382,53077,70,14984,0,0,44423,230123,573802,649153,524490,389979,1059894,796345,127247,49403.4,-0.011623685,14.87,0,16951154
2/18/2025,247754,105138,3031844,2133637,3126118,2508396,73748,53012,70,14984,0,0,43508,230840,591630,678049,545230,405155,1027811,813368,126072,49479.45,0.001538184,14.895,0,18004128
2/19/2025,248354,104447,3180520,2340374,3218484,2637113,76663,51212,70,14984,0,0,44770,230303,627494,672286,568668,404278,1119552,840070,128217,49359.85,-0.002420091,14.955,0,18786420
2/20/2025,250698,103887,2262692,1656854,2271099,1998247,81057,51208,70,14984,0,0,43775,235979,504014,576591,466784,313549,1210734,826416,135829,49099.45,-0.005289508,15.015,0,14234318
2/21/2025,253223,114331,2881504,1851496,2889335,2267062,80041,51208,70,14984,0,0,41129,234020,581744,662780,555308,383346,1176175,881756,133352,49258.9,0.003242229,15.7225,0,16820264
2/24/2025,263109,114389,3484830,2106559,3367981,2452214,80328,51018,70,12984,0,0,44402,245292,826414,872668,822725,590312,1257430,885626,135219,49087.3,-0.003489716,15.665,0,19767444
2/25/2025,258745,109970,3363739,2269564,3253671,2517199,80604,55018,70,10984,0,0,51630,251208,905778,1028325,903430,771324,1230735,1012491,133578,49570.1,0.009787484,15.42,0,20355034
2/27/2025,216890,80600,1229145,1053687,1359503,1402435,79508,53018,70,10735,0,0,41784,215318,393097,489910,310606,228293,1347293,1059187,136851,49334.55,-0.004763182,14.6825,0,9289348
2/28/2025,237356,92027,2169993,1357063,2279534,1750673,86986,47435,70,13902,0,0,41136,229727,531870,676796,468611,432487,1482197,1011684,142942,48981.2,-0.007188096,14.53,0,13869624
3/3/2025,242627,100768,2391529,1722564,2550391,2033460,87681,44305,3470,13977,0,0,43895,231687,579075,705798,515981,472525,1537535,1168313,141500,48651.95,-0.006744661,14.4425,0,15658052
3/4/2025,248728,101527,2526253,2022491,2748345,2375806,87912,41005,4870,13050,0,0,46943,234366,653091,802644,518692,485956,1569593,1276522,147978,48608.35,-0.000896563,13.715,0,17038094
3/5/2025,250774,101860,2425090,2536434,2699005,2809123,89196,41538,4870,13593,0,0,48788,233366,732056,895318,577455,598436,1609293,1370127,141247,48743.8,0.002782683,13.3075,0,18802164
3/6/2025,242505,100936,1501303,1695092,1787758,2011331,98910,42636,4870,12093,0,0,51135,225490,532055,658914,385016,392152,513772,489018,124732,48344.7,-0.008221411,13.91,0,13373406
3/7/2025,241454,100737,2030884,2096607,2323134,2436254,98954,44236,4870,12093,0,0,51584,227742,657621,837641,474837,520415,604448,549742,133922,48114.3,-0.004777168,13.7625,0,16493470
3/10/2025,249674,113513,2556477,2114269,2750477,2501703,98694,44369,2175,14209,0,0,51147,230626,750958,882920,555812,548702,628238,625133,130983,48245.2,0.002716911,13.83,0,18041876
3/11/2025,253917,116552,2588445,2622791,2873879,2985590,103611,44602,2126,14318,0,0,51820,230791,833821,1042012,583037,634059,662107,676760,134416,48489.95,0.005060219,13.67,0,19969140
3/12/2025,256338,112916,2973341,2654904,3146060,2954076,103755,44602,1575,14277,0,0,51136,234617,881065,1077536,662085,689396,711344,728544,130689,48627.7,0.002836767,13.725,0,20959010
3/13/2025,254107,114733,1935052,1798684,2088672,2147574,106255,43494,1202,14153,0,0,55534,239568,628016,741833,482139,447640,777688,767290,131001,48497.5,-0.002681077,13.47,0,14955270
3/17/2025,250012,115920,2250939,2331364,2591513,2666397,106341,43494,926,14153,0,0,58092,229976,725575,886098,516694,582235,853905,790479,141421,48216.8,-0.005804742,13.985,0,18032110
3/18/2025,237453,126480,2179393,3195964,2570649,3245059,107513,43833,590,18153,0,0,65115,206226,801355,906678,600888,662948,906188,852405,150172,47853.95,-0.007553844,14.0725,0,20242982
3/19/2025,226785,132125,2449500,3351297,2819189,3404766,112186,41833,475,23953,0,0,74278,202668,909741,955048,626941,663688,903905,881361,150136,48056.65,0.004226859,13.6925,0,21368774
3/20/2025,207628,136007,1880654,2387928,2158176,2444728,114276,39897,388,24953,0,0,81120,192190,684160,743274,496670,550034,958952,900560,151387,48060.4,7.80E-05,13.28,0,16314698
3/21/2025,191804,140234,2232165,2957711,2530187,2966754,113985,39043,321,24953,0,0,84446,181161,816239,873970,647010,737651,936774,961539,153328,48354.15,0.006093497,13.415,0,19284974
3/24/2025,181946,138895,2376823,3236521,2590261,3182634,113071,42700,281,27779,0,0,85847,181343,916649,994522,801996,917374,918671,1103452,153056,49314.5,0.019666105,13.21,0,21228716
3/25/2025,185590,146893,3135964,3252047,3185872,3298030,105147,42893,137,53703,0,0,87457,178061,1054118,1116435,904190,932537,961276,1183154,155854,49702.6,0.00783909,13.2975,1,23128999
3/26/2025,184778,143235,3368700,3027090,3465906,3170929,104363,40255,101,56117,0,0,85611,169344,1154735,1143462,928628,876464,1045030,1225585,151141,50062.85,0.00722197,12.6025,0,23696630
3/27/2025,139548,130712,1391099,1364232,1558619,1578492,98456,40385,70,69034,0,0,60054,90609,389855,462358,237666,265151,1080019,1366077,146334,50593.55,0.010544882,12.575,0,10927760
3/28/2025,147847,125039,2055302,1730962,2119721,1891638,98524,40485,70,66034,0,0,57268,106275,522689,657809,447317,507011,1219653,1508884,144623,51704.95,0.021729424,13.7,0,14137494
4/1/2025,133199,101667,2917069,1890704,2812296,2070779,98598,31530,70,65034,0,0,52618,119196,734407,764881,661834,565955,1398904,1440543,145129,51607.95,-0.001877791,13.635,0,17154510
4/2/2025,126530,101002,2785031,2526194,2720587,2550073,100831,31780,27103,74292,0,0,57222,119551,791731,807159,770224,714252,1517209,1341251,145984,51209,-0.007760433,13.47,0,19157626
4/3/2025,130655,99983,1509366,1561620,1701607,1816360,108230,31780,70,61796,0,0,55484,128674,541358,616140,314625,375572,1548646,1459249,152953,51575.85,0.007138242,13.3,0,12052276
4/4/2025,138245,97731,2665107,1830648,2862575,2241163,107558,31837,70,73186,0,0,59842,146434,876183,803645,594554,448198,528074,501124,116937,51564.85,-0.000213301,12.7175,0,16632168
4/7/2025,141352,103397,2449794,1528976,2717023,1959304,104612,27995,70,57296,0,0,54417,162032,968628,920621,630978,518369,603195,528317,87946,50827.5,-0.014402692,13.7825,0,16744894
4/8/2025,138801,103741,2514336,1868823,2901378,2480970,107388,28235,220,55897,0,0,51486,160615,1166267,1170381,636350,562782,620446,585518,86040,51348.05,0.010189414,13.7225,0,18444922
4/9/2025,147877,104917,1716032,1205481,1912952,1669147,106642,27969,310,47476,0,0,44013,159848,736429,845424,411806,409603,677220,693174,90057,51597.35,0.004843354,13.6,0,12970982
4/11/2025,142419,105034,1804583,1495299,2167929,1991681,105970,27969,475,40349,0,0,52112,153346,954325,987474,522031,465574,725736,705850,90839,51502.7,-0.001836081,13.755,0,14661136
4/15/2025,133789,101001,2288549,2173096,2479855,2362416,106919,27878,475,42667,0,0,56255,143602,906456,872292,707648,634744,799706,655727,93742,49860.1,-0.03241315,22.7925,0,17181812
4/16/2025,130774,99694,2296746,2463343,2644240,2722095,107318,27778,475,51067,0,0,56156,142225,936773,871790,632071,548563,842386,680172,91389,50511,0.012970051,20.4425,0,18217874
4/17/2025,126867,110606,1477989,1834799,1754932,2053227,106642,28553,475,50567,0,0,60033,143306,698180,726542,468658,470026,934660,725069,92239,50240.15,-0.005376627,21.43,0,13794886
4/21/2025,131978,123879,2267215,2724059,2402285,2764331,105535,28593,475,59762,0,0,66585,143855,898066,900352,729136,727194,858258,764166,93853,51002.35,0.015057202,20.1075,0,18634482
4/22/2025,136665,132995,2586151,2966124,2699349,3024276,104170,31758,525,62302,0,0,67276,145611,927915,995954,770274,835070,859573,879925,95136,52379.5,0.026643583,16.125,0,20420232
4/23/2025,136201,133225,2916499,3184366,3014828,3216097,103982,33461,499,71002,0,0,68912,139683,1068507,1119334,922454,1020109,865701,980385,93222,53117.75,0.013995854,15.865,0,22780916
4/24/2025,107750,128621,1168353,1215752,1364754,1392905,101735,33923,70,44614,0,0,55516,80356,386837,428577,190827,250793,957306,1108754,94677,54290.2,0.021832584,15.4675,0,9184276
4/25/2025,111063,128604,1965180,1624557,2067752,1703225,98422,33846,70,50715,0,0,53607,88833,496666,523402,460503,517043,1227223,1442425,112786,55304.5,0.018510548,15.515,0,13100582
4/28/2025,116102,143073,2023923,2316875,2173469,2269252,91782,38293,70,50715,0,0,62890,85666,539129,709134,494406,746096,1375783,1591443,123313,55647.2,0.006177482,15.23,0,15587768
4/29/2025,118393,142096,2640241,2433931,2673642,2388692,88477,44123,70,46215,0,0,69575,87472,691391,712810,709186,758885,1643084,1707866,118353,55370.05,-0.004992928,15.96,0,17746060
4/30/2025,115435,145270,1268603,1392617,1558410,1561814,87283,45848,70,46215,0,0,75093,85093,472395,471444,278615,383056,1753863,1920713,123804,55201.4,-0.003050519,16.25,0,10905364
5/2/2025,115991,142938,1947661,1677775,2116218,1816322,84312,42617,230,42515,0,0,76566,85054,615810,568051,541595,531700,516193,532607,86864,54664.05,-0.009782043,17.1575,0,13727136
5/5/2025,117710,144584,2397309,2267613,2483885,2210940,84314,43812,230,42515,0,0,79468,84337,688615,586039,691644,671275,578108,594621,89252,55432.8,0.013965204,16.94,0,16622380
5/6/2025,113610,143841,2657939,2227468,2812231,2349332,82591,43812,70,56326,0,0,84387,87034,751542,695590,714046,690667,630328,596561,86664,55391.25,-0.000749837,17.37,0,17962658
5/7/2025,115376,137177,2736527,2501876,2915391,2573860,76784,41984,70,53282,0,0,83473,83015,785188,772772,754996,786397,665547,626183,84522,55087.15,-0.005505162,18.2225,0,19275762
5/8/2025,107666,142248,1459088,1257880,1805140,1578703,76763,34315,70,58097,0,0,89606,82142,611997,724421,338540,459529,683948,642159,83290,55115.35,0.000511785,18.2575,0,11960258
5/9/2025,112445,132935,1821662,1474914,2093467,1692385,86635,27456,70,58497,0,0,77186,84606,704650,720011,526867,531066,734724,679403,81060,54919.5,-0.003559785,18.3375,1,13509112
5/12/2025,125063,143176,1784929,2192007,2118624,2416587,83392,30566,70,52649,0,0,80301,80148,774531,869014,566411,687352,788636,683330,76646,54271.4,-0.011871092,18.995,0,16242080
5/13/2025,146838,124763,2790323,2110138,2941706,2371495,83800,35187,70,48678,0,0,54961,91461,833886,956897,707625,787025,795299,685144,71514,54610.9,0.006236112,19.06,0,18693742
5/14/2025,138345,122578,2952350,2416037,3201441,2629415,83742,35321,70,48637,0,0,56759,91562,825042,945278,685504,797779,812326,681441,72324,54365.65,-0.004500976,21.0075,0,19874438
5/15/2025,136977,135823,1603399,1734767,1845757,1938390,79399,48751,70,45637,0,0,70023,83544,608418,729360,423710,526196,870667,670161,68788,53595.25,-0.014272076,21.6325,0,13077204
5/16/2025,143410,132309,2109364,1931880,2325031,2125888,79181,47151,70,46637,0,0,64538,87773,702642,762939,535494,595298,835395,754778,73231,55382.85,0.032809534,18.3925,0,15152288
5/19/2025,143387,134331,2606760,2082088,2764459,2275405,79421,48216,70,49037,0,0,64745,88243,799875,774956,640653,595415,885273,737687,68573,54940.85,-0.008012827,18.2,0,17015988
5/20/2025,162424,127201,3137464,2121934,3362991,2370569,82434,65752,70,47437,0,0,55387,94135,871660,827213,698940,627682,937376,772136,69603,54801.3,-0.002543236,17.225,0,19174660
5/21/2025,169860,126290,3021900,2299671,3436940,2639709,82436,82511,70,48254,0,0,55963,93552,851774,912881,571854,630033,883118,821890,73399,55355.6,0.010063912,16.8925,0,19652056
5/22/2025,180017,115177,1970309,1564460,2126466,1848530,82701,85858,70,48254,0,0,48897,104206,604318,689688,437499,459545,900607,808430,70318,55354.9,-1.26E-05,16.55,0,13401556
5/23/2025,177228,118281,1995255,2056941,2432302,2386341,82709,88923,70,48654,0,0,52567,106764,712928,762030,468598,516600,960850,838272,73108,55420.7,0.001187987,17.355,0,15766798
5/26/2025,178404,120087,2111432,2149226,2649198,2622688,79474,92523,70,45628,0,0,58418,109730,838650,881553,477265,520078,1044826,804159,72668,54877.35,-0.009852475,17.385,0,17119590
5/27/2025,181980,116169,2640473,2013001,3229501,2633663,83097,73308,70,45335,0,0,56668,124087,1006189,1005050,623927,557185,1044135,828054,72613,55075.1,0.003597013,17.5475,0,19209302
5/28/2025,190883,118440,3282376,2281756,3428797,2508601,83883,71408,70,45335,0,0,53684,132671,766906,841639,647527,678614,1059451,824914,72070,54941.3,-0.002432366,17.2575,0,19899056
5/29/2025,163518,105626,1395059,1092250,1495661,1296173,76697,40378,70,10901,0,0,25371,103334,289700,333194,223969,208425,1056007,948025,70988,55398.25,0.008282662,17.2775,0,8930176
5/30/2025,171398,109608,1936644,1391621,2173570,1690989,77035,41978,70,10901,0,0,26158,109842,435738,451396,303930,282038,1088500,967104,72155,55572,0.003131472,18.02,0,12077584
6/2/2025,172394,110418,2044640,1596213,2504714,1991592,77035,36606,70,10901,0,0,26663,115729,547183,579674,343040,317347,1170733,1024211,71981,55352.8,-0.003952232,18.535,0,14047360
6/3/2025,181370,111981,2920416,1719103,3187497,2025650,80002,34766,70,10901,0,0,25786,128940,582147,634210,452500,432941,1148553,972999,76143,55417,0.001159161,18.0175,0,16720376
6/4/2025,184832,116197,2919692,1981635,3222588,2219805,79608,35017,70,10901,0,0,26924,129859,552207,612458,452628,477037,1260820,1033826,79163,55546.05,0.002326001,16.42,0,17579954
6/5/2025,189297,120628,1500648,1303689,1674288,1542909,78032,38942,70,10901,0,0,26304,133292,434801,493695,312936,326561,391262,408273,65689,55749.7,0.003659623,16.0775,0,10831318
6/6/2025,188351,126827,1772897,1966876,2095347,2138360,79043,39677,70,11201,0,0,33228,125958,539142,541230,391131,398827,446021,460851,66178,55903.4,0.002753172,17.1575,0,13995074
6/9/2025,193456,126885,2154753,2314415,2385323,2417131,82151,39725,70,11201,0,0,31072,126944,581994,551372,460206,422916,525286,453107,70205,55599.95,-0.005442899,16.555,0,15747564
6/10/2025,193068,123968,2477292,2448518,2661802,2596742,80452,40925,70,11201,0,0,30942,123966,620905,599786,504331,444525,603940,489074,70900,55676.85,0.001382139,15.745,0,17057342
6/11/2025,190746,129409,2532507,2529764,2935536,2866397,78822,42740,70,11201,0,0,34473,121022,746366,706236,470490,407558,605949,500351,70993,55760.85,0.001507569,15.0825,0,18299474
6/12/2025,197044,123776,1771358,1436759,1939892,1720936,80391,37140,70,14534,0,0,31951,131429,486799,538638,326817,317039,626149,637485,77251,56578.4,0.014555277,14.63,0,12110398
6/13/2025,200462,123905,2117643,1651481,2408089,1925375,87622,34557,70,15534,0,0,32115,136324,539681,593490,374625,382522,651285,675498,77316,56839.6,0.004605979,14.6925,0,14143704
6/16/2025,192737,127208,2059590,2276181,2522177,2484157,86414,39787,70,15546,0,0,34514,136257,555120,618169,391924,435136,673799,659858,76089,56629.1,-0.003710279,14.015,0,16018252
6/17/2025,195916,125829,2592938,2214510,2907746,2475071,86182,39912,70,15887,0,0,35733,135216,576913,619198,399897,409605,710248,679446,75312,56459.75,-0.002994992,13.6675,1,16987846
6/18/2025,193128,124467,2976965,2247764,3264023,2501852,86174,43628,70,15887,0,0,34368,133501,592784,618216,461945,438128,763641,627721,74635,56082.55,-0.006703282,14.015,0,18254586
6/19/2025,189943,126090,1710563,1518690,2010172,1786090,86051,43811,70,15887,0,0,39173,136135,498768,536702,296620,308294,828297,600771,76247,55527.35,-0.00994902,15.08,0,12350902
6/20/2025,184737,126982,1827905,2124806,2306888,2368944,81593,51037,70,15887,0,0,43734,140102,607315,649320,452592,481610,825953,652561,74580,55944.9,0.007491586,14.8375,0,15488866
6/23/2025,184906,116906,2252504,2271075,2699373,2601933,80448,48021,70,23487,0,0,42664,145371,615273,704144,436532,487740,887887,649827,74639,55714.15,-0.004133124,14.4025,0,16762774
6/24/2025,186962,115164,2675707,2310902,3061143,2595797,77256,42747,70,25187,0,0,46141,155612,657824,684667,579392,552240,896141,699138,73651,55828.75,0.002054816,14.275,0,18355794
6/25/2025,179448,123519,2432787,2830335,2913816,3149028,75682,45247,70,25187,0,0,46451,153321,715457,810579,557900,629518,988157,701167,72594,55577.45,-0.004511426,14.255,0,19863222
6/26/2025,144501,125452,992505,1384850,1247146,1545876,76126,47899,70,14983,0,0,54903,89870,315340,367235,241900,290294,902297,823988,74022,56252.85,0.012079163,13.6725,0,9231554
6/27/2025,148580,132231,1388749,1952303,1725562,2081252,78508,49599,70,18383,0,0,55702,89220,355675,393527,312628,353081,944437,867716,71606,56059.35,-0.003445756,14.0475,0,12172492
6/30/2025,138935,129345,2212116,1903694,2476424,2082769,78304,48099,70,18383,0,0,51034,89157,375104,390817,378882,373472,955437,871027,68577,56461.9,0.007155123,13.6425,0,14398280
7/1/2025,136360,130815,2435107,2109566,2656126,2394441,77978,48099,70,18383,0,0,53195,91901,407878,485234,377479,351068,1002461,986272,73630,56621.15,0.002816516,12.9625,0,15597950
7/2/2025,141425,123767,2917744,2155281,2946503,2397570,76861,45420,70,17583,0,0,49508,98729,415581,472715,476704,329703,1079784,1132340,89159,57206.7,0.010288434,12.59,0,17013226
7/3/2025,146071,120524,1481071,1236522,1563052,1547582,76337,42920,70,17583,0,0,43723,105530,267140,374127,218601,210180,325723,369628,71282,57443.9,0.004137795,12.3875,0,10078248
7/4/2025,146766,115062,1898043,1606581,2164476,1953421,75272,43720,70,18084,0,0,43986,109673,312500,429805,260097,277779,359635,389402,71454,57312.75,-0.002285707,12.785,0,12522624
7/7/2025,153022,115506,2076423,1745559,2256845,2080609,75152,43720,70,18084,0,0,44888,113991,318995,437331,276812,295042,385765,442307,73186,57459.45,0.00255637,12.5275,0,13397722
7/8/2025,161642,117727,2135434,2042346,2314308,2326029,75119,43720,70,21581,0,0,47671,118184,330830,440443,295869,305378,435937,443675,68459,56999.2,-0.008042249,12.445,0,14531446
7/9/2025,166250,120455,2612658,2042928,2690182,2365734,75137,43720,70,21581,0,0,47032,122737,357511,443364,342682,307214,455327,448111,67309,56791.95,-0.003642642,12.385,0,16218262
7/10/2025,171126,116937,1569418,1255602,1608491,1552772,75273,43720,70,20581,0,0,41476,126725,263223,378421,218092,221618,459886,466619,65747,57031.9,0.00421617,12.315,0,10406096
7/11/2025,178631,110608,2299359,1433224,2324355,1826035,75383,41220,70,16888,0,0,35226,138986,346342,448301,337657,273297,466745,465598,66001,56949.2,-0.001451118,12.56,0,13440662
7/14/2025,189305,109458,2611999,1615906,2688752,2018554,71999,36220,70,15336,0,0,34985,156047,373321,442669,390172,293753,467309,477503,67591,57256.3,0.005378038,12.195,0,15069250
7/15/2025,191649,108482,2559800,2007398,2663457,2352909,72050,36118,70,13283,0,0,36299,158119,369936,461212,363840,311236,466078,464207,68571,57213.55,-0.000746922,11.94,0,15722386
7/16/2025,194340,110312,2787803,2267960,2862212,2598216,72102,34118,70,13283,0,0,35961,161473,385035,493511,379664,341608,491316,452601,66831,56956,-0.004511719,11.6725,0,17253284
7/17/2025,198989,111997,1703474,1280496,1708112,1627643,72121,32118,1570,13283,0,0,34085,169832,294815,390103,256699,210131,512428,453158,67881,56754.7,-0.003540568,11.8175,0,10853092
7/18/2025,206134,112144,2315649,1464850,2351123,1904776,67768,31826,7570,14283,0,0,31779,179843,355354,460414,355235,260995,536079,462298,69282,56765.35,0.000187632,11.98,0,13732334
7/21/2025,206633,110812,2290251,1920424,2486062,2311413,66559,29360,5911,14283,0,0,31538,176782,350360,474567,351746,322862,535655,481137,71656,57006.65,0.004241823,11.48,0,14976312
7/22/2025,207135,109190,2841025,1996706,2864195,2405211,65840,29560,5911,14283,0,0,30254,179708,404137,528219,424169,350391,547960,504175,72938,57168.95,0.002842991,11.24,0,16630794
7/23/2025,204737,103216,2421661,2557331,2641246,2842075,65056,31260,5911,14283,0,0,32171,177728,418425,540459,402265,404952,600714,509051,73908,56828.8,-0.005967679,11.2425,0,17356054
7/24/2025,210893,102109,1954516,1449525,1967640,1816476,65944,37689,1570,14963,0,0,30674,176212,337211,456262,310417,263558,681800,530718,79481,56283,-0.009650704,11.3925,0,12111382
7/25/2025,217910,101463,2803065,1538984,2736743,2014106,62502,37825,1570,14963,0,0,31725,190245,432309,558610,460562,324550,632022,558298,74765,56952.75,0.011829441,11.2025,0,15349534
7/28/2025,223751,96914,3245888,1606848,3164232,2116160,60723,38049,1570,18296,0,0,33986,198714,444580,588880,522244,346635,714402,580245,74469,56756,-0.003460599,10.7525,0,17058314
7/29/2025,221661,89857,2990974,1996872,3114150,2437918,60573,31545,1570,23796,0,0,31031,201715,453880,591027,479598,387862,663773,662179,70828,57210.45,0.007975196,10.515,0,17431236
7/30/2025,219278,86237,3005821,2179155,3011218,2557330,60374,34515,1570,27796,0,0,33838,206851,455868,568923,506257,418936,719098,651007,68179,57066.05,-0.002527205,10.7225,0,18089426
7/31/2025,184815,80838,1235920,1026045,1243657,1368577,62595,32404,70,24774,0,0,16338,153998,187052,327252,224542,143520,842197,637701,70189,56528.9,-0.009457357,11.275,0,8263746
8/1/2025,202002,86619,2204098,1262583,2110516,1714683,62957,31218,70,24774,0,0,16421,174605,283704,411973,361271,210981,934571,641518,71782,56084.9,-0.007885398,12.0625,0,12102332
8/4/2025,199081,86254,2206963,1758312,2304380,2180048,62911,31218,70,24774,0,0,17230,174180,292059,406572,338534,238188,951326,663152,72125,56222,0.002441525,11.525,0,13683946
8/5/2025,207549,89052,2590223,1801991,2562314,2227267,62935,29518,70,19634,0,0,17090,185864,335018,456499,374810,259607,1011996,694250,74738,56150.7,-0.001268992,11.205,0,14822676
8/6/2025,208133,93259,3031442,1838812,2902144,2301507,62924,29081,70,29634,0,0,17310,184401,396621,532016,449463,270008,933491,824229,71649,55961.95,-0.003367152,11.5425,1,16541244
8/7/2025,209403,89593,1532145,1245912,1464923,1622163,64020,27088,70,25383,0,0,17977,191236,235441,416437,281197,174462,348942,323367,65067,55617.6,-0.006172298,11.975,0,10026868
8/8/2025,217668,93510,2604472,1358824,2445548,1850137,66935,25435,12070,32394,0,0,18122,200792,360340,480816,451153,197681,394168,353068,68627,55619.35,3.15E-05,11.9675,0,13943062
8/11/2025,215716,93362,2268785,1993015,2354657,2402620,66412,27135,70,34894,0,0,18282,198009,319433,517729,385879,288444,456070,375429,81105,55360.25,-0.004669335,11.7125,0,14974812
8/12/2025,218633,91345,2959909,1915103,2865482,2395005,66527,27985,70,34894,0,0,17520,202778,356179,512828,443340,260681,472131,387711,80039,55411.15,0.00091901,11.96,0,16548576
8/13/2025,217862,91683,2783983,2536444,2733953,2902372,66606,29131,1070,33439,0,0,19155,201912,399605,562039,451350,371415,470164,396005,80477,55521.15,0.001983192,11.6875,0,18115354
8/14/2025,214029,89898,1697060,1206346,1525668,1597071,66066,31131,5870,45454,0,0,18213,201092,254685,420447,286714,164603,538825,408536,89595,55004.9,-0.009341757,12.0325,0,10287864
8/18/2025,203467,87665,2238526,1722603,2146460,2185351,72060,34952,2170,45454,0,0,20703,192027,343765,506654,372870,251792,523586,423716,86510,55510.75,0.009154424,12.2175,0,13715226
8/19/2025,202833,85183,2373616,2271089,2362184,2656338,72435,35473,950,57454,0,0,20682,192213,362434,525440,375091,262975,578511,436835,89461,55043.7,-0.00844928,12.2325,0,15633550
8/20/2025,202829,83714,2569340,2723746,2535852,3049305,72307,40103,950,54679,0,0,21383,194575,384514,562212,422435,350914,597727,447639,90967,55181.45,0.002499431,12.14,0,17802734
8/21/2025,197261,85821,1743808,1427685,1707471,1834552,71015,40103,950,44854,0,0,22225,190275,277304,444635,292269,182101,585442,447583,89017,55341.85,0.002902557,12.355,0,11223218
8/22/2025,203646,86598,2750710,1520370,2739687,2100450,70088,41103,950,44854,0,0,23354,194863,381017,527827,440409,233258,611826,469085,85278,55734.9,0.007077118,12.34,0,15289810
8/25/2025,203063,87442,2679412,1913487,2766256,2379658,68632,41103,370,44854,0,0,31241,201479,400256,549594,447635,287892,615262,506084,82323,55865.15,0.002334229,11.79,0,16223232
8/26/2025,209787,86446,3123990,1657634,3024398,2185212,69308,42009,370,44854,0,0,35491,212420,469122,591883,522034,300349,659890,502484,84430,55698.5,-0.002987534,11.785,0,17122294
8/28/2025,207664,80029,1723523,1138505,1628867,1551395,73646,37480,370,22179,0,0,16621,185135,251762,427322,297771,141303,708867,538880,84472,55755.45,0.001021947,11.3725,0,10068488
8/29/2025,214659,84343,2635383,1522862,2496023,2020655,74840,38006,370,34939,0,0,18187,193382,415906,523898,491059,248841,933609,545687,92309,55149.4,-0.010929297,11.7275,0,14763310
9/1/2025,215040,85594,2505461,2370830,2474990,2782888,74724,40406,370,34939,0,0,19646,192193,388829,586370,440532,390020,1025403,578889,91081,55139.3,-0.000183156,11.7575,0,17218118
9/2/2025,216275,86175,1595051,1156355,1540853,1634705,74965,40806,370,34939,0,0,17220,197645,252789,450744,290844,152878,1094675,573237,89946,54450.45,-0.012571597,12.1925,0,10131986
9/3/2025,216745,85485,1855428,1879058,1899385,2258596,75194,39506,970,34939,0,0,17606,200402,328489,519945,391345,300650,1145109,813450,103010,53820.35,-0.011639465,12.1775,0,13354450
9/4/2025,217226,86646,2738331,1970719,2657689,2445711,75521,41343,970,34939,0,0,18068,206645,412100,564196,471503,293796,385059,341554,86047,53655.65,-0.003064873,11.7525,0,16052756
9/5/2025,217989,87353,2842453,2145395,2817800,2577950,75862,38993,970,37539,0,0,16715,208130,487024,621360,529256,336406,406031,369884,87037,54002.45,0.00644264,11.2925,0,17234918
9/8/2025,219016,85968,2900870,2413966,2900550,2870311,75800,37703,970,37539,0,0,18193,209553,562423,697622,554786,411510,456773,392368,91370,53661,-0.006342935,11.4,0,18916328
9/9/2025,218724,86354,1553308,1358054,1535423,1759413,75600,37703,970,37539,0,0,20018,209868,279565,467098,298800,189896,452592,419332,89313,54067.55,0.00754771,10.93,0,10599006
9/10/2025,212107,85476,1974113,1950202,1963049,2332358,78043,39503,970,27445,0,0,23924,210064,332668,536331,385732,295980,470451,424109,89222,54075.45,0.000146103,10.8525,0,13825492
9/11/2025,211045,84736,2210104,2410003,2282471,2737740,78043,39503,970,27445,0,0,25119,207919,378573,589398,409064,330311,479476,427286,88196,54114.55,0.000722803,10.78,0,16069294
9/12/2025,205394,83097,2257645,2778612,2393459,3074165,78054,39503,970,27445,0,0,26661,199010,456539,678980,457311,402704,473754,449581,86595,54186.9,0.001336086,10.8375,0,17646872
9/15/2025,206755,82406,2779958,2729008,2762466,3144706,78054,41203,970,27445,0,0,26579,197735,499486,717993,535925,430567,493107,463835,87830,54216.1,0.00053873,10.685,0,19217420
9/16/2025,199829,82089,1425706,1642876,1470393,1942718,79769,40537,970,27445,0,0,26430,185991,298333,490570,308570,229468,485657,490211,85152,54536,0.005883122,10.5375,0,11104820
9/17/2025,195075,82257,1750202,1938105,1852984,2262347,81097,39971,970,37845,0,0,27064,177724,375596,547466,386440,304838,486582,507556,82198,54669.6,0.002446762,10.36,1,13486992
9/18/2025,189243,80314,2157714,2298331,2307126,2712851,83380,39971,963,41245,0,0,27813,171472,431295,616493,419058,340222,488729,513117,78817,54809.3,0.002552091,10.1225,0,15861980
9/19/2025,193006,79469,2735289,2364189,2791042,2739076,83556,40546,963,40045,0,0,25482,172255,524961,635317,490990,367142,508866,527740,78214,54887.85,0.001432125,10.3975,0,17616242
9/22/2025,191282,83494,3346119,2284800,3326349,2716171,83104,40546,963,36595,0,0,26056,170310,582366,667889,616549,381910,516594,564470,76404,55147.6,0.004721215,10.2725,0,19672292
9/23/2025,192884,83282,1774611,1551988,1803938,1900239,84184,38946,963,36845,0,0,27060,169238,313723,505629,346177,238258,546701,591825,72679,55493.3,0.006249066,10.2475,0,11784832
9/24/2025,196282,82472,2346866,1724656,2384327,2198098,82576,38946,963,31495,0,0,29680,174979,387894,591874,446592,316811,572532,630337,68629,55727.45,0.004210551,9.885,0,14597112
9/25/2025,201678,85649,3069240,1813250,3052700,2324581,83432,37246,963,25645,0,0,33574,181460,490236,661734,565970,342115,614934,635209,68500,55458.85,-0.00483154,9.9675,0,17308108
9/26/2025,215067,84788,3573150,1928506,3586252,2379522,83431,35046,25063,25645,0,0,33565,200527,625853,753826,682758,418024,652117,632041,66464,55284.75,-0.003144202,10.5575,0,19609602
9/29/2025,212772,85657,3487694,2219030,3546637,2714339,83527,35767,13363,25645,0,0,39999,209583,673693,819160,699252,497231,656542,733354,68958,55509.75,0.004061579,10.625,0,20657724
9/30/2025,193487,68064,1471677,1025223,1425886,1416084,83610,33467,9463,25645,0,0,11968,188058,243003,440915,306297,169406,811046,690432,65674,55121.5,-0.007018841,10.5225,0,9147128
10/1/2025,193862,61300,1835402,1989232,1925285,2333162,84836,33542,10603,25645,0,0,13912,190822,357533,575568,372340,294319,841286,699427,71288,54976.2,-0.002639475,10.7825,0,13315324
10/3/2025,203594,61671,2382986,2551188,2592184,2957709,85045,33542,10603,25645,0,0,14740,204236,435776,714678,440435,423943,988361,700870,79543,54389.35,-0.010732002,11.425,0,17301340
10/6/2025,193678,60053,2367230,2998759,2463803,3293330,85017,36942,10603,25645,0,0,16306,213884,467977,749022,441453,467653,866377,757043,74790,54461,0.001316487,11.365,0,18596120
10/7/2025,186056,62708,1522387,1435898,1542950,1759174,83629,37442,10453,26845,0,0,16302,205832,279900,473007,302475,215629,861149,821557,75466,54635.85,0.003205412,11.065,0,10670458
10/8/2025,190887,63242,2307775,1673450,2338095,2086616,81622,34186,10453,28820,0,0,16643,205319,355775,561138,399689,277310,363660,409898,59109,55347.95,0.012949361,10.2875,0,14218522
10/9/2025,192455,63868,2249199,2298435,2406912,2602306,79031,34101,11153,30920,0,0,16359,202169,372613,585061,393230,324721,395327,455576,60259,55589.25,0.004350216,10.06,0,15810436
10/10/2025,191878,65620,2310910,2881227,2456521,3206449,78791,34101,11153,30920,0,0,16085,197424,467200,705720,454751,425386,432596,488458,58255,56104.85,0.009232424,10.1925,0,17980692
10/13/2025,192610,57392,2862090,2704895,2910126,3158124,81859,34031,11153,29320,0,0,15893,201602,471899,696850,507414,378118,460074,512134,55434,56239.35,0.002394428,10.05,0,19461308
10/14/2025,197580,61115,1929369,1415287,1875338,1819089,78678,34181,11153,28520,0,0,16255,210635,294716,505650,325879,214243,487556,513651,53487,56018.25,-0.003939159,10.3125,0,11959806
10/15/2025,199029,69015,1941400,2109695,2103096,2474154,78685,35781,11653,28520,0,0,18420,207535,388724,603176,391091,344648,500980,539830,54180,56192.05,0.003097757,10.12,0,15047500
10/16/2025,188687,79977,2037054,2749384,2166280,2999435,85875,39381,12390,28520,0,0,31061,193999,513127,717269,421816,429056,512213,586017,56290,56609.75,0.007405944,10.1025,0,16913230
10/17/2025,176430,84974,2458638,2769673,2508213,3218510,81613,39545,11190,44820,0,0,35421,177941,576956,789945,494668,509542,534759,602568,56874,56625,0.000269352,11.0075,0,18618596
10/20/2025,185407,95626,1747238,1760612,1751276,2066762,79138,39702,11190,48720,0,0,40857,178185,399981,580985,354254,320708,579987,577366,54307,56496.45,-0.002272779,11.155,0,12514794
10/21/2025,182701,95873,2003334,1924986,2010888,2256157,78882,40989,11190,48720,0,0,41725,178754,427163,603637,387691,358611,573273,630109,55644,56799.9,0.005356761,10.53,0,13920824
10/23/2025,178572,102037,2605967,2277170,2598758,2681791,77510,45984,12090,50420,0,0,51852,165363,593204,689573,520977,434889,564372,668316,56669,57422.55,0.010902518,10.865,0,17153204
10/24/2025,176249,95808,3217776,2365927,3324000,2777311,76394,39344,12126,48820,0,0,52577,159124,727466,744535,674020,482235,606227,713124,55902,57713.35,0.005051433,11.625,0,19968250
10/27/2025,172300,96758,2813486,2947457,3006870,3322387,75920,39324,12162,55620,0,0,56880,164512,637647,776267,587943,544343,648470,743171,59688,58033.2,0.005526745,11.355,0,20706890
10/28/2025,150801,75156,1469814,1226253,1436054,1515191,73900,46948,972,35957,0,0,29492,121658,270517,380878,284650,202558,653929,751912,59027,58007.2,-0.00044812,11.2975,0,9567102
10/29/2025,152430,81929,1695458,1842550,1783425,2070339,74542,39279,1013,41727,0,0,29916,128230,357309,454756,352202,307113,710737,813874,64555,58078.05,0.001220655,11.7325,1,12367274
10/30/2025,163622,82278,2705788,1779761,2649215,2180751,74594,37729,1263,41727,0,0,28410,138858,510212,542950,532779,320635,889438,786924,64244,57699.6,-0.006537554,11.59,0,15573106
10/31/2025,170939,86744,3381816,1903497,3342468,2362449,74823,35887,1263,40027,0,0,27954,146627,672848,599062,661992,358978,813358,879590,68810,58114.25,0.007160659,11.8575,0,18520938
